{
  "Top 10 seriali w Polsce dzisiaj": [
    {
      "title": "The office",
      "imageDesktop": "assets/images/top/desktop/The-Office-serial-top.jpg",
      "imageMobile": "assets/images/top/mobile/The-Office-serial-top.jpg",
      "trailerSrc": "https://www.youtube.com/embed/HhesaQXLuRY"
    },
    {
      "title": "Breaking Bad",
      "imageDesktop": "assets/images/top/desktop/breaking_bad-top.jpg",
      "imageMobile": "assets/images/top/mobile/breaking_bad-top.jpg",
      "trailerSrc": "https://www.youtube.com/embed/HhesaQXLuRY"
    },
    {
      "title": "Vikings",
      "imageDesktop": "assets/images/top/desktop/vikings-top.jpg",
      "imageMobile": "assets/images/top/mobile/vikings-top.jpg",
      "trailerSrc": "https://www.youtube.com/embed/HhesaQXLuRY"
    },
    {
      "title": "Peaky Blinders",
      "imageDesktop": "assets/images/top/desktop/Peaky_Blinders-top.jpg",
      "imageMobile": "assets/images/top/mobile/Peaky_Blinders-top.jpg",
      "trailerSrc": "https://www.youtube.com/embed/HhesaQXLuRY"
    },
    {
      "title": "Lucyfer",
      "imageDesktop": "assets/images/top/desktop/lucyfer-top.jpg",
      "imageMobile": "assets/images/top/mobile/lucyfer-top.jpg",
      "trailerSrc": "https://www.youtube.com/embed/HhesaQXLuRY"
    },
    {
      "title": "The office",
      "imageDesktop": "assets/images/top/desktop/The-Office-serial-top.jpg",
      "imageMobile": "assets/images/top/mobile/The-Office-serial-top.jpg",
      "trailerSrc": "https://www.youtube.com/embed/HhesaQXLuRY"
    },
    {
      "title": "Breaking Bad",
      "imageDesktop": "assets/images/top/desktop/breaking_bad-top.jpg",
      "imageMobile": "assets/images/top/mobile/breaking_bad-top.jpg",
      "trailerSrc": "https://www.youtube.com/embed/HhesaQXLuRY"
    },
    {
      "title": "Vikings",
      "imageDesktop": "assets/images/top/desktop/vikings-top.jpg",
      "imageMobile": "assets/images/top/mobile/vikings-top.jpg",
      "trailerSrc": "https://www.youtube.com/embed/HhesaQXLuRY"
    },
    {
      "title": "Peaky Blinders",
      "imageDesktop": "assets/images/top/desktop/Peaky_Blinders-top.jpg",
      "imageMobile": "assets/images/top/mobile/Peaky_Blinders-top.jpg",
      "trailerSrc": "https://www.youtube.com/embed/HhesaQXLuRY"
    },
    {
      "title": "Lucyfer",
      "imageDesktop": "assets/images/top/desktop/lucyfer-top.jpg",
      "imageMobile": "assets/images/top/mobile/lucyfer-top.jpg",
      "trailerSrc": "https://www.youtube.com/embed/HhesaQXLuRY"
    }
  ],
  "Top 10 seriali na świecie dzisiaj": [
    {
      "title": "The office",
      "imageDesktop": "assets/images/top/desktop/The-Office-serial-top.jpg",
      "imageMobile": "assets/images/top/mobile/The-Office-serial-top.jpg",
      "trailerSrc": "https://www.youtube.com/embed/HhesaQXLuRY"
    },
    {
      "title": "Breaking Bad",
      "imageDesktop": "assets/images/top/desktop/breaking_bad-top.jpg",
      "imageMobile": "assets/images/top/mobile/breaking_bad-top.jpg",
      "trailerSrc": "https://www.youtube.com/embed/HhesaQXLuRY"
    },
    {
      "title": "Vikings",
      "imageDesktop": "assets/images/top/desktop/vikings-top.jpg",
      "imageMobile": "assets/images/top/mobile/vikings-top.jpg",
      "trailerSrc": "https://www.youtube.com/embed/HhesaQXLuRY"
    },
    {
      "title": "Peaky Blinders",
      "imageDesktop": "assets/images/top/desktop/Peaky_Blinders-top.jpg",
      "imageMobile": "assets/images/top/mobile/Peaky_Blinders-top.jpg",
      "trailerSrc": "https://www.youtube.com/embed/HhesaQXLuRY"
    },
    {
      "title": "Lucyfer",
      "imageDesktop": "assets/images/top/desktop/lucyfer-top.jpg",
      "imageMobile": "assets/images/top/mobile/lucyfer-top.jpg",
      "trailerSrc": "https://www.youtube.com/embed/HhesaQXLuRY"
    },
    {
      "title": "The office",
      "imageDesktop": "assets/images/top/desktop/The-Office-serial-top.jpg",
      "imageMobile": "assets/images/top/mobile/The-Office-serial-top.jpg",
      "trailerSrc": "https://www.youtube.com/embed/HhesaQXLuRY"
    },
    {
      "title": "Breaking Bad",
      "imageDesktop": "assets/images/top/desktop/breaking_bad-top.jpg",
      "imageMobile": "assets/images/top/mobile/breaking_bad-top.jpg",
      "trailerSrc": "https://www.youtube.com/embed/HhesaQXLuRY"
    },
    {
      "title": "Vikings",
      "imageDesktop": "assets/images/top/desktop/vikings-top.jpg",
      "imageMobile": "assets/images/top/mobile/vikings-top.jpg",
      "trailerSrc": "https://www.youtube.com/embed/HhesaQXLuRY"
    },
    {
      "title": "Peaky Blinders",
      "imageDesktop": "assets/images/top/desktop/Peaky_Blinders-top.jpg",
      "imageMobile": "assets/images/top/mobile/Peaky_Blinders-top.jpg",
      "trailerSrc": "https://www.youtube.com/embed/HhesaQXLuRY"
    },
    {
      "title": "Lucyfer",
      "imageDesktop": "assets/images/top/desktop/lucyfer-top.jpg",
      "imageMobile": "assets/images/top/mobile/lucyfer-top.jpg",
      "trailerSrc": "https://www.youtube.com/embed/HhesaQXLuRY"
    }
  ]
}
